{"width":400,"height":400,"fps":12,"scenes":[{"backgroundColor":"#ffffff","drawables":[{"startTime":0,"endTime":5,"layer":0,"shape":{"name":"rectangle","data":{"fillColor":"#ff0000","animations":[{"startTime":1,"duration":3,"name":"animation","lasts":true,"data":{"startValue":{"x":0,"y":0,"width":200,"height":200},"endValue":{"x":100,"y":100,"width":150,"height":150}}}]}}},{"startTime":0,"endTime":10,"layer":0,"shape":{"name":"polygon","data":{"fillColor":"#008000","animations":[{"startTime":0,"duration":10,"lasts":false,"data":[[0,{"fillColor":{"r":237,"g":156,"b":132}}],[0.08333333333333333,{"fillColor":{"r":130,"g":57,"b":111}}],[0.16666666666666666,{"fillColor":{"r":33,"g":84,"b":186}}],[0.25,{"fillColor":{"r":242,"g":76,"b":119}}],[0.3333333333333333,{"fillColor":{"r":82,"g":64,"b":137}}],[0.41666666666666663,{"fillColor":{"r":141,"g":102,"b":217}}],[0.49999999999999994,{"fillColor":{"r":183,"g":17,"b":166}}],[0.5833333333333333,{"fillColor":{"r":116,"g":152,"b":238}}],[0.6666666666666666,{"fillColor":{"r":128,"g":133,"b":129}}],[0.75,{"fillColor":{"r":72,"g":37,"b":105}}],[0.8333333333333334,{"fillColor":{"r":128,"g":28,"b":85}}],[0.9166666666666667,{"fillColor":{"r":211,"g":169,"b":237}}],[1,{"fillColor":{"r":155,"g":25,"b":172}}]]}]}}}]}]}